passenger_id,name,gender,age,email,phone,concession_type
1,Tiya Soni,Female,74,arhaanswaminathan@iyer-desai.com,9195376724,Senior Citizen
2,Srinivas,Male,23,ogolla@gmail.com,7101226916,None
3,Kimaya Kaur,Other,64,sanghasaira@gmail.com,8451462704,None
4,Dishani Bera,Female,21,indransgrover@gmail.com,8095701543,None
5,Nakul Vyas,Male,74,settyaradhya@sidhu.com,9178248963,Senior Citizen
6,Yakshit Sampath,Other,35,hyogi@yahoo.com,9133150983,Disabled
7,Devansh Sathe,Male,67,darshitzachariah@vasa.com,7473829973,Senior Citizen
8,Zara Jani,Female,30,bavanirvi@goel-kakar.biz,9106513338,Disabled
9,Hiran Kakar,Male,45,anahi31@swamy-venkataraman.net,8801326773,None
10,Biju Butala,Male,53,hayerprerak@yahoo.com,6872343098,None
11,Siya Dugar,Female,58,masteranvi@varkey.com,9219136193,None
12,Miraya Baria,Female,19,pranay35@gmail.com,6247510799,Student
13,Devansh Luthra,Male,68,hansh51@goyal.com,8498084124,Senior Citizen
14,Emir Sharaf,Male,20,raunak93@garg.com,7401640052,Student
15,Ishaan Shanker,Other,56,amand@gmail.com,8205982620,Disabled
16,Tejas Yogi,Other,39,lakshay31@sridhar-mammen.biz,6322602563,None
17,Indranil Subramaniam,Other,18,cviswanathan@choudhry-chaudhry.info,7330365414,Student
18,Nayantara Kumar,Female,39,aniruddh14@gmail.com,6019655698,None
19,Veer Yogi,Male,45,azad60@swaminathan.com,6159514846,Disabled
20,Yuvaan Sarin,Other,56,kartikkade@hotmail.com,8994680443,None
21,Vedika Mann,Female,55,ckant@hotmail.com,8721489513,None
22,Mamooty Swaminathan,Other,44,anaybajaj@khanna.com,6936763201,None
23,Madhup Chakrabarti,Other,31,mallicknishith@gmail.com,8788957986,None
24,Indranil Sharaf,Male,69,wdayal@gmail.com,7873471434,Senior Citizen
25,Samar Warrior,Male,18,indrajitdalia@saran-bose.com,6658760366,Student
26,Tarini Mani,Female,39,waggarwal@yahoo.com,6889373467,None
27,Vidur Ganguly,Male,19,anahitabhatt@hotmail.com,6990162725,Student
28,Pranay Gupta,Male,20,amanigade@yahoo.com,7641708053,Student
29,Vanya Sachdev,Male,73,dasguptakrish@rastogi.com,7193745299,Senior Citizen
30,Vanya Tank,Other,68,emir90@mani-sandhu.biz,8193149190,Senior Citizen
31,Hazel Kala,Female,27,kulkarnineelofar@yahoo.com,6716572628,None
32,Mannat Swamy,Other,43,ukamdar@hotmail.com,9314737996,Disabled
33,Aniruddh Kota,Other,21,aradhyacherian@yahoo.com,9494808313,Student
34,Ayesha Mall,Female,27,troy@kapur-sule.com,9363495788,Disabled
35,Aarna Sharma,Female,16,rati74@yahoo.com,9135182337,Student
36,Samaira Raja,Female,30,thamankartik@yahoo.com,7240824008,Disabled
37,Rasha Bhatnagar,Other,18,viswanathanabram@hotmail.com,7775204711,Disabled
38,Ayesha Bansal,Female,69,indrajittak@doshi.com,6999386774,Senior Citizen
39,Ryan Mane,Other,11,singhlakshay@cherian.com,9874564453,None
40,Arhaan Ali,Other,19,rati71@hotmail.com,9936183242,Student
41,Biju Butala,Male,47,advika17@hotmail.com,6488771906,Disabled
42,Lavanya Dass,Female,68,contractorpari@raj.com,6278742967,Senior Citizen
43,Anaya Ghosh,Other,43,samarth12@yahoo.com,7468071545,None
44,Trisha Jaggi,Other,23,djhaveri@lad.org,7034824771,Student
45,Mohanlal Ramanathan,Other,74,sahilmajumdar@majumdar.com,9712748467,Senior Citizen
46,Nirvaan Kari,Male,57,mchandran@shenoy.com,6584044997,None
47,Alia Luthra,Other,10,shamik88@yahoo.com,8339636057,Student
48,Veer Saini,Male,12,ibadami@rajagopal.com,8702621745,None
49,Misha Saraf,Female,49,varkeyshalv@hotmail.com,6578091343,None
50,Adira Bawa,Female,40,schacko@zacharia-atwal.com,8556238698,None
51,Jayan Chahal,Male,72,rrao@kothari.com,9747407482,Senior Citizen
52,Shray Raj,Other,26,qsant@yahoo.com,6713695943,None
53,Akarsh Thakkar,Other,70,aayush90@hotmail.com,7439533942,Senior Citizen
54,Mishti Roy,Female,64,vedika70@gopal.com,6232858845,None
55,Onkar Tella,Other,35,siya51@yahoo.com,9368516048,None
56,Amani Gour,Female,57,otata@yahoo.com,9137098593,Disabled
57,Nehmat Jayaraman,Other,67,azadbahl@koshy-bhardwaj.com,9826758926,Senior Citizen
58,Ayesha Randhawa,Male,38,arhaan53@yahoo.com,9515850643,None
59,Amani Bath,Female,12,bakshivedika@dara-bhatnagar.org,9839335290,None
60,Hunar Bhattacharyya,Other,38,faiyazsahota@gmail.com,9053952402,None
61,Eshan Bhandari,Male,17,xkapur@kunda-rajagopalan.com,8390847007,Student
62,Aaryahi Sankar,Female,14,csawhney@yogi.com,6124998569,Student
63,Aman Krishnan,Male,75,sundaramrati@gmail.com,8367365766,Senior Citizen
64,Saksham Kala,Male,72,umang27@gmail.com,9111615098,Senior Citizen
65,Oorja Bhat,Other,26,nitya60@yahoo.com,6519832731,Disabled
66,Ivana Gour,Female,70,kaira36@sinha.org,8094024455,Senior Citizen
67,Jivin Virk,Male,22,jbanerjee@ravel.net,9166752549,None
68,Baiju Brahmbhatt,Other,18,sandaldhanush@kant-sahota.biz,9764381561,Student
69,Parinaaz Sane,Female,62,azad36@hotmail.com,9343244510,Disabled
70,Siya Kale,Other,16,vaibhavlata@contractor.com,9160715969,None
